alpha,arm,run_id,model,dataset,partition_type,completed_rounds,train_samples,test_samples,algorithm,uplink_codec,random_seed,final_test_accuracy,final_test_f1_macro,final_test_loss,best_round,total_fit_upload_model_bytes,total_fit_download_model_bytes,total_evaluate_download_model_bytes,total_model_payload_bytes,partition_sha256,results_dir
0.1,fedavg,20260926T103635092259Z_0068eaa0,resnet18,BloodMNIST,dirichlet,8,11959,3421,fedavg,none,2026,0.7696579947383806,0.7560124900035277,0.5693945374554341,8,1074639360,1074639360,1074639360,3223918080,19aee1c1627f6b04fa4f749d6c41e70a41eb4eeae9d36a7d413c4462109ec117,D:\FederatedLearning\fedmedai\results\non_iid_study\suite_20260926T103613Z\alpha_0.1\fedavg\fedavg\20260926T103635092259Z_0068eaa0
0.1,fedprox,20260926T104933528623Z_6c7eb7e4,resnet18,BloodMNIST,dirichlet,8,11959,3421,fedprox,none,2026,0.7670271850336159,0.7247428636883817,0.6349108828957476,8,1074639360,1074639360,1074639360,3223918080,19aee1c1627f6b04fa4f749d6c41e70a41eb4eeae9d36a7d413c4462109ec117,D:\FederatedLearning\fedmedai\results\non_iid_study\suite_20260926T103613Z\alpha_0.1\fedprox\fedprox\20260926T104933528623Z_6c7eb7e4
0.1,fedprox_fp16,20260926T111411960698Z_f081c4fc,resnet18,BloodMNIST,dirichlet,8,11959,3421,fedprox,fp16,2026,0.7684887459807074,0.7338763922287506,0.5916840604298716,8,537508992,1074639360,1074639360,2686787712,19aee1c1627f6b04fa4f749d6c41e70a41eb4eeae9d36a7d413c4462109ec117,D:\FederatedLearning\fedmedai\results\non_iid_study\suite_20260926T103613Z\alpha_0.1\fedprox_fp16\fedprox\20260926T111411960698Z_f081c4fc
0.3,fedavg,20260926T112752313646Z_b88beb83,resnet18,BloodMNIST,dirichlet,8,11959,3421,fedavg,none,2026,0.8763519438760596,0.8615971178725432,0.3567725593881348,6,1074639360,1074639360,1074639360,3223918080,8fa5d5175ba2a2340ea3770d460e4d3627f44fc6c629fb5973b4b27f38a31470,D:\FederatedLearning\fedmedai\results\non_iid_study\suite_20260926T103613Z\alpha_0.3\fedavg\fedavg\20260926T112752313646Z_b88beb83
0.3,fedprox,20260926T114255607385Z_1a693e58,resnet18,BloodMNIST,dirichlet,8,11959,3421,fedprox,none,2026,0.8634902075416545,0.8475843816208126,0.3865104451997696,6,1074639360,1074639360,1074639360,3223918080,8fa5d5175ba2a2340ea3770d460e4d3627f44fc6c629fb5973b4b27f38a31470,D:\FederatedLearning\fedmedai\results\non_iid_study\suite_20260926T103613Z\alpha_0.3\fedprox\fedprox\20260926T114255607385Z_1a693e58
0.3,fedprox_fp16,20260926T115838774377Z_3aeee326,resnet18,BloodMNIST,dirichlet,8,11959,3421,fedprox,fp16,2026,0.8725518854136217,0.857367129659804,0.3617313975167184,7,537508992,1074639360,1074639360,2686787712,8fa5d5175ba2a2340ea3770d460e4d3627f44fc6c629fb5973b4b27f38a31470,D:\FederatedLearning\fedmedai\results\non_iid_study\suite_20260926T103613Z\alpha_0.3\fedprox_fp16\fedprox\20260926T115838774377Z_3aeee326
1.0,fedavg,20260926T121522776987Z_0ad502be,resnet18,BloodMNIST,dirichlet,8,11959,3421,fedavg,none,2026,0.8871674948845367,0.8717411152554477,0.31575337274490617,7,1074639360,1074639360,1074639360,3223918080,4cdd73b76e743c9f54fd5e5c8ec92f5b396b9957556822cdce4a4ccb2fad357d,D:\FederatedLearning\fedmedai\results\non_iid_study\suite_20260926T103613Z\alpha_1.0\fedavg\fedavg\20260926T121522776987Z_0ad502be
1.0,fedprox,20260926T122743986713Z_a058094d,resnet18,BloodMNIST,dirichlet,8,11959,3421,fedprox,none,2026,0.8965214849459222,0.883499325201698,0.2968179714745926,8,1074639360,1074639360,1074639360,3223918080,4cdd73b76e743c9f54fd5e5c8ec92f5b396b9957556822cdce4a4ccb2fad357d,D:\FederatedLearning\fedmedai\results\non_iid_study\suite_20260926T103613Z\alpha_1.0\fedprox\fedprox\20260926T122743986713Z_a058094d
1.0,fedprox_fp16,20260926T124116981926Z_aa31a80b,resnet18,BloodMNIST,dirichlet,8,11959,3421,fedprox,fp16,2026,0.8927214264834844,0.878292418659001,0.31076914627835683,8,537508992,1074639360,1074639360,2686787712,4cdd73b76e743c9f54fd5e5c8ec92f5b396b9957556822cdce4a4ccb2fad357d,D:\FederatedLearning\fedmedai\results\non_iid_study\suite_20260926T103613Z\alpha_1.0\fedprox_fp16\fedprox\20260926T124116981926Z_aa31a80b
